,date,World,Afghanistan,Albania,Algeria,Andorra,Angola,Antigua and Barbuda,Argentina,Armenia,Australia,Austria,Azerbaijan,Bahamas,Bahrain,Bangladesh,Barbados,Belarus,Belgium,Belize,Benin,Bermuda,Bhutan,Bolivia,Bosnia and Herzegovina,Brazil,Brunei,Bulgaria,Burkina Faso,Cambodia,Cameroon,Canada,Cape Verde,Cayman Islands,Central African Republic,Chad,Chile,China,Colombia,Congo,Costa Rica,Cote d'Ivoire,Croatia,Cuba,Cyprus,Czech Republic,Democratic Republic of Congo,Denmark,Djibouti,Dominica,Dominican Republic,Ecuador,Egypt,El Salvador,Equatorial Guinea,Eritrea,Estonia,Ethiopia,Faeroe Islands,Fiji,Finland,France,French Polynesia,Gabon,Gambia,Georgia,Germany,Ghana,Gibraltar,Greece,Greenland,Grenada,Guam,Guatemala,Guernsey,Guinea,Guyana,Haiti,Honduras,Hungary,Iceland,India,Indonesia,International,Iran,Iraq,Ireland,Isle of Man,Israel,Italy,Jamaica,Japan,Jersey,Jordan,Kazakhstan,Kenya,Kosovo,Kuwait,Kyrgyzstan,Laos,Latvia,Lebanon,Liberia,Libya,Liechtenstein,Lithuania,Luxembourg,Macedonia,Madagascar,Malaysia,Maldives,Malta,Mauritania,Mauritius,Mexico,Moldova,Monaco,Mongolia,Montenegro,Montserrat,Morocco,Mozambique,Myanmar,Namibia,Nepal,Netherlands,Netherlands Antilles,New Caledonia,New Zealand,Nicaragua,Niger,Nigeria,Norway,Oman,Pakistan,Palestine,Panama,Papua New Guinea,Paraguay,Peru,Philippines,Poland,Portugal,Qatar,Romania,Russia,Rwanda,Saint Lucia,Saint Vincent and the Grenadines,San Marino,Saudi Arabia,Senegal,Serbia,Seychelles,Singapore,Slovakia,Slovenia,Somalia,South Africa,South Korea,Spain,Sri Lanka,Sudan,Suriname,Swaziland,Sweden,Switzerland,Syria,Taiwan,Tanzania,Thailand,Timor,Togo,Trinidad and Tobago,Tunisia,Turkey,Turks and Caicos Islands,Uganda,Ukraine,United Arab Emirates,United Kingdom,United States,United States Virgin Islands,Uruguay,Uzbekistan,Vatican,Venezuela,Vietnam,Zambia,Zimbabwe
0,2019-12-31,27,0.0,,0.0,,,,,0.0,0,0,0.0,,0.0,,,0.0,0,,,,,,,0.0,,,,0.0,,0,,,,,,27,,,,,0.0,,,0,,0,,,0.0,0.0,0.0,,,,0.0,,,,0.0,0,,,,0.0,0,,,0.0,,,,,,,,,,,0,0.0,0.0,0.0,0,0.0,0.0,,0.0,0,,0,,,,,,0.0,,,,0.0,,,,0.0,0.0,0.0,,0.0,,,,,0.0,,0.0,,,,,,,,0.0,0,,,0.0,,,0.0,0,0.0,0.0,,,,,,0.0,,,0.0,0.0,0.0,,,,0.0,,,,,0,,,,,0,0,0.0,,,,0,0,,0.0,,0.0,,,,,,,,,0.0,0,0,,,,,,0.0,,
1,2020-01-01,27,0.0,,0.0,,,,,0.0,0,0,0.0,,0.0,,,0.0,0,,,,,,,0.0,,,,0.0,,0,,,,,,27,,,,,0.0,,,0,,0,,,0.0,0.0,0.0,,,,0.0,,,,0.0,0,,,,0.0,0,,,0.0,,,,,,,,,,,0,0.0,0.0,0.0,0,0.0,0.0,,0.0,0,,0,,,,,,0.0,,,,0.0,,,,0.0,0.0,0.0,,0.0,,,,,0.0,,0.0,,,,,,,,0.0,0,,,0.0,,,0.0,0,0.0,0.0,,,,,,0.0,,,0.0,0.0,0.0,,,,0.0,,,,,0,,,,,0,0,0.0,,,,0,0,,0.0,,0.0,,,,,,,,,0.0,0,0,,,,,,0.0,,
2,2020-01-02,27,0.0,,0.0,,,,,0.0,0,0,0.0,,0.0,,,0.0,0,,,,,,,0.0,,,,0.0,,0,,,,,,27,,,,,0.0,,,0,,0,,,0.0,0.0,0.0,,,,0.0,,,,0.0,0,,,,0.0,0,,,0.0,,,,,,,,,,,0,0.0,0.0,0.0,0,0.0,0.0,,0.0,0,,0,,,,,,0.0,,,,0.0,,,,0.0,0.0,0.0,,0.0,,,,,0.0,,0.0,,,,,,,,0.0,0,,,0.0,,,0.0,0,0.0,0.0,,,,,,0.0,,,0.0,0.0,0.0,,,,0.0,,,,,0,,,,,0,0,0.0,,,,0,0,,0.0,,0.0,,,,,,,,,0.0,0,0,,,,,,0.0,,
3,2020-01-03,44,0.0,,0.0,,,,,0.0,0,0,0.0,,0.0,,,0.0,0,,,,,,,0.0,,,,0.0,,0,,,,,,44,,,,,0.0,,,0,,0,,,0.0,0.0,0.0,,,,0.0,,,,0.0,0,,,,0.0,0,,,0.0,,,,,,,,,,,0,0.0,0.0,0.0,0,0.0,0.0,,0.0,0,,0,,,,,,0.0,,,,0.0,,,,0.0,0.0,0.0,,0.0,,,,,0.0,,0.0,,,,,,,,0.0,0,,,0.0,,,0.0,0,0.0,0.0,,,,,,0.0,,,0.0,0.0,0.0,,,,0.0,,,,,0,,,,,0,0,0.0,,,,0,0,,0.0,,0.0,,,,,,,,,0.0,0,0,,,,,,0.0,,
4,2020-01-04,44,0.0,,0.0,,,,,0.0,0,0,0.0,,0.0,,,0.0,0,,,,,,,0.0,,,,0.0,,0,,,,,,44,,,,,0.0,,,0,,0,,,0.0,0.0,0.0,,,,0.0,,,,0.0,0,,,,0.0,0,,,0.0,,,,,,,,,,,0,0.0,0.0,0.0,0,0.0,0.0,,0.0,0,,0,,,,,,0.0,,,,0.0,,,,0.0,0.0,0.0,,0.0,,,,,0.0,,0.0,,,,,,,,0.0,0,,,0.0,,,0.0,0,0.0,0.0,,,,,,0.0,,,0.0,0.0,0.0,,,,0.0,,,,,0,,,,,0,0,0.0,,,,0,0,,0.0,,0.0,,,,,,,,,0.0,0,0,,,,,,0.0,,
5,2020-01-05,59,0.0,,0.0,,,,,0.0,0,0,0.0,,0.0,,,0.0,0,,,,,,,0.0,,,,0.0,,0,,,,,,59,,,,,0.0,,,0,,0,,,0.0,0.0,0.0,,,,0.0,,,,0.0,0,,,,0.0,0,,,0.0,,,,,,,,,,,0,0.0,0.0,0.0,0,0.0,0.0,,0.0,0,,0,,,,,,0.0,,,,0.0,,,,0.0,0.0,0.0,,0.0,,,,,0.0,,0.0,,,,,,,,0.0,0,,,0.0,,,0.0,0,0.0,0.0,,,,,,0.0,,,0.0,0.0,0.0,,,,0.0,,,,,0,,,,,0,0,0.0,,,,0,0,,0.0,,0.0,,,,,,,,,0.0,0,0,,,,,,0.0,,
6,2020-01-06,59,0.0,,0.0,,,,,0.0,0,0,0.0,,0.0,,,0.0,0,,,,,,,0.0,,,,0.0,,0,,,,,,59,,,,,0.0,,,0,,0,,,0.0,0.0,0.0,,,,0.0,,,,0.0,0,,,,0.0,0,,,0.0,,,,,,,,,,,0,0.0,0.0,0.0,0,0.0,0.0,,0.0,0,,0,,,,,,0.0,,,,0.0,,,,0.0,0.0,0.0,,0.0,,,,,0.0,,0.0,,,,,,,,0.0,0,,,0.0,,,0.0,0,0.0,0.0,,,,,,0.0,,,0.0,0.0,0.0,,,,0.0,,,,,0,,,,,0,0,0.0,,,,0,0,,0.0,,0.0,,,,,,,,,0.0,0,0,,,,,,0.0,,
7,2020-01-07,59,0.0,,0.0,,,,,0.0,0,0,0.0,,0.0,,,0.0,0,,,,,,,0.0,,,,0.0,,0,,,,,,59,,,,,0.0,,,0,,0,,,0.0,0.0,0.0,,,,0.0,,,,0.0,0,,,,0.0,0,,,0.0,,,,,,,,,,,0,0.0,0.0,0.0,0,0.0,0.0,,0.0,0,,0,,,,,,0.0,,,,0.0,,,,0.0,0.0,0.0,,0.0,,,,,0.0,,0.0,,,,,,,,0.0,0,,,0.0,,,0.0,0,0.0,0.0,,,,,,0.0,,,0.0,0.0,0.0,,,,0.0,,,,,0,,,,,0,0,0.0,,,,0,0,,0.0,,0.0,,,,,,,,,0.0,0,0,,,,,,0.0,,
8,2020-01-08,59,0.0,,0.0,,,,,0.0,0,0,0.0,,0.0,,,0.0,0,,,,,,,0.0,,,,0.0,,0,,,,,,59,,,,,0.0,,,0,,0,,,0.0,0.0,0.0,,,,0.0,,,,0.0,0,,,,0.0,0,,,0.0,,,,,,,,,,,0,0.0,0.0,0.0,0,0.0,0.0,,0.0,0,,0,,,,,,0.0,,,,0.0,,,,0.0,0.0,0.0,,0.0,,,,,0.0,,0.0,,,,,,,,0.0,0,,,0.0,,,0.0,0,0.0,0.0,,,,,,0.0,,,0.0,0.0,0.0,,,,0.0,,,,,0,,,,,0,0,0.0,,,,0,0,,0.0,,0.0,,,,,,,,,0.0,0,0,,,,,,0.0,,
9,2020-01-09,59,0.0,,0.0,,,,,0.0,0,0,0.0,,0.0,,,0.0,0,,,,,,,0.0,,,,0.0,,0,,,,,,59,,,,,0.0,,,0,,0,,,0.0,0.0,0.0,,,,0.0,,,,0.0,0,,,,0.0,0,,,0.0,,,,,,,,,,,0,0.0,0.0,0.0,0,0.0,0.0,,0.0,0,,0,,,,,,0.0,,,,0.0,,,,0.0,0.0,0.0,,0.0,,,,,0.0,,0.0,,,,,,,,0.0,0,,,0.0,,,0.0,0,0.0,0.0,,,,,,0.0,,,0.0,0.0,0.0,,,,0.0,,,,,0,,,,,0,0,0.0,,,,0,0,,0.0,,0.0,,,,,,,,,0.0,0,0,,,,,,0.0,,
10,2020-01-10,59,0.0,,0.0,,,,,0.0,0,0,0.0,,0.0,,,0.0,0,,,,,,,0.0,,,,0.0,,0,,,,,,59,,,,,0.0,,,0,,0,,,0.0,0.0,0.0,,,,0.0,,,,0.0,0,,,,0.0,0,,,0.0,,,,,,,,,,,0,0.0,0.0,0.0,0,0.0,0.0,,0.0,0,,0,,,,,,0.0,,,,0.0,,,,0.0,0.0,0.0,,0.0,,,,,0.0,,0.0,,,,,,,,0.0,0,,,0.0,,,0.0,0,0.0,0.0,,,,,,0.0,,,0.0,0.0,0.0,,,,0.0,,,,,0,,,,,0,0,0.0,,,,0,0,,0.0,,0.0,,,,,,,,,0.0,0,0,,,,,,0.0,,
11,2020-01-11,59,0.0,,0.0,,,,,0.0,0,0,0.0,,0.0,,,0.0,0,,,,,,,0.0,,,,0.0,,0,,,,,,59,,,,,0.0,,,0,,0,,,0.0,0.0,0.0,,,,0.0,,,,0.0,0,,,,0.0,0,,,0.0,,,,,,,,,,,0,0.0,0.0,0.0,0,0.0,0.0,,0.0,0,,0,,,,,,0.0,,,,0.0,,,,0.0,0.0,0.0,,0.0,,,,,0.0,,0.0,,,,,,,,0.0,0,,,0.0,,,0.0,0,0.0,0.0,,,,,,0.0,,,0.0,0.0,0.0,,,,0.0,,,,,0,,,,,0,0,0.0,,,,0,0,,0.0,,0.0,,,,,,,,,0.0,0,0,,,,,,0.0,,
12,2020-01-12,59,0.0,,0.0,,,,,0.0,0,0,0.0,,0.0,,,0.0,0,,,,,,,0.0,,,,0.0,,0,,,,,,59,,,,,0.0,,,0,,0,,,0.0,0.0,0.0,,,,0.0,,,,0.0,0,,,,0.0,0,,,0.0,,,,,,,,,,,0,0.0,0.0,0.0,0,0.0,0.0,,0.0,0,,0,,,,,,0.0,,,,0.0,,,,0.0,0.0,0.0,,0.0,,,,,0.0,,0.0,,,,,,,,0.0,0,,,0.0,,,0.0,0,0.0,0.0,,,,,,0.0,,,0.0,0.0,0.0,,,,0.0,,,,,0,,,,,0,0,0.0,,,,0,0,,0.0,,0.0,,,,,,,,,0.0,0,0,,,,,,0.0,,
13,2020-01-13,60,0.0,,0.0,,,,,0.0,0,0,0.0,,0.0,,,0.0,0,,,,,,,0.0,,,,0.0,,0,,,,,,59,,,,,0.0,,,0,,0,,,0.0,0.0,0.0,,,,0.0,,,,0.0,0,,,,0.0,0,,,0.0,,,,,,,,,,,0,0.0,0.0,0.0,0,0.0,0.0,,0.0,0,,0,,,,,,0.0,,,,0.0,,,,0.0,0.0,0.0,,0.0,,,,,0.0,,0.0,,,,,,,,0.0,0,,,0.0,,,0.0,0,0.0,0.0,,,,,,0.0,,,0.0,0.0,0.0,,,,0.0,,,,,0,,,,,0,0,0.0,,,,0,0,,0.0,,1.0,,,,,,,,,0.0,0,0,,,,,,0.0,,
14,2020-01-14,60,0.0,,0.0,,,,,0.0,0,0,0.0,,0.0,,,0.0,0,,,,,,,0.0,,,,0.0,,0,,,,,,59,,,,,0.0,,,0,,0,,,0.0,0.0,0.0,,,,0.0,,,,0.0,0,,,,0.0,0,,,0.0,,,,,,,,,,,0,0.0,0.0,0.0,0,0.0,0.0,,0.0,0,,0,,,,,,0.0,,,,0.0,,,,0.0,0.0,0.0,,0.0,,,,,0.0,,0.0,,,,,,,,0.0,0,,,0.0,,,0.0,0,0.0,0.0,,,,,,0.0,,,0.0,0.0,0.0,,,,0.0,,,,,0,,,,,0,0,0.0,,,,0,0,,0.0,,1.0,,,,,,,,,0.0,0,0,,,,,,0.0,,
15,2020-01-15,61,0.0,,0.0,,,,,0.0,0,0,0.0,,0.0,,,0.0,0,,,,,,,0.0,,,,0.0,,0,,,,,,59,,,,,0.0,,,0,,0,,,0.0,0.0,0.0,,,,0.0,,,,0.0,0,,,,0.0,0,,,0.0,,,,,,,,,,,0,0.0,0.0,0.0,0,0.0,0.0,,0.0,0,,1,,,,,,0.0,,,,0.0,,,,0.0,0.0,0.0,,0.0,,,,,0.0,,0.0,,,,,,,,0.0,0,,,0.0,,,0.0,0,0.0,0.0,,,,,,0.0,,,0.0,0.0,0.0,,,,0.0,,,,,0,,,,,0,0,0.0,,,,0,0,,0.0,,1.0,,,,,,,,,0.0,0,0,,,,,,0.0,,
16,2020-01-16,61,0.0,,0.0,,,,,0.0,0,0,0.0,,0.0,,,0.0,0,,,,,,,0.0,,,,0.0,,0,,,,,,59,,,,,0.0,,,0,,0,,,0.0,0.0,0.0,,,,0.0,,,,0.0,0,,,,0.0,0,,,0.0,,,,,,,,,,,0,0.0,0.0,0.0,0,0.0,0.0,,0.0,0,,1,,,,,,0.0,,,,0.0,,,,0.0,0.0,0.0,,0.0,,,,,0.0,,0.0,,,,,,,,0.0,0,,,0.0,,,0.0,0,0.0,0.0,,,,,,0.0,,,0.0,0.0,0.0,,,,0.0,,,,,0,,,,,0,0,0.0,,,,0,0,,0.0,,1.0,,,,,,,,,0.0,0,0,,,,,,0.0,,
17,2020-01-17,66,0.0,,0.0,,,,,0.0,0,0,0.0,,0.0,,,0.0,0,,,,,,,0.0,,,,0.0,,0,,,,,,63,,,,,0.0,,,0,,0,,,0.0,0.0,0.0,,,,0.0,,,,0.0,0,,,,0.0,0,,,0.0,,,,,,,,,,,0,0.0,0.0,0.0,0,0.0,0.0,,0.0,0,,1,,,,,,0.0,,,,0.0,,,,0.0,0.0,0.0,,0.0,,,,,0.0,,0.0,,,,,,,,0.0,0,,,0.0,,,0.0,0,0.0,0.0,,,,,,0.0,,,0.0,0.0,0.0,,,,0.0,,,,,0,,,,,0,0,0.0,,,,0,0,,0.0,,2.0,,,,,,,,,0.0,0,0,,,,,,0.0,,
18,2020-01-18,83,0.0,,0.0,,,,,0.0,0,0,0.0,,0.0,,,0.0,0,,,,,,,0.0,,,,0.0,,0,,,,,,80,,,,,0.0,,,0,,0,,,0.0,0.0,0.0,,,,0.0,,,,0.0,0,,,,0.0,0,,,0.0,,,,,,,,,,,0,0.0,0.0,0.0,0,0.0,0.0,,0.0,0,,1,,,,,,0.0,,,,0.0,,,,0.0,0.0,0.0,,0.0,,,,,0.0,,0.0,,,,,,,,0.0,0,,,0.0,,,0.0,0,0.0,0.0,,,,,,0.0,,,0.0,0.0,0.0,,,,0.0,,,,,0,,,,,0,0,0.0,,,,0,0,,0.0,,2.0,,,,,,,,,0.0,0,0,,,,,,0.0,,
19,2020-01-19,219,0.0,,0.0,,,,,0.0,0,0,0.0,,0.0,,,0.0,0,,,,,,,0.0,,,,0.0,,0,,,,,,216,,,,,0.0,,,0,,0,,,0.0,0.0,0.0,,,,0.0,,,,0.0,0,,,,0.0,0,,,0.0,,,,,,,,,,,0,0.0,0.0,0.0,0,0.0,0.0,,0.0,0,,1,,,,,,0.0,,,,0.0,,,,0.0,0.0,0.0,,0.0,,,,,0.0,,0.0,,,,,,,,0.0,0,,,0.0,,,0.0,0,0.0,0.0,,,,,,0.0,,,0.0,0.0,0.0,,,,0.0,,,,,0,,,,,0,0,0.0,,,,0,0,,0.0,,2.0,,,,,,,,,0.0,0,0,,,,,,0.0,,
20,2020-01-20,239,0.0,,0.0,,,,,0.0,0,0,0.0,,0.0,,,0.0,0,,,,,,,0.0,,,,0.0,,0,,,,,,235,,,,,0.0,,,0,,0,,,0.0,0.0,0.0,,,,0.0,,,,0.0,0,,,,0.0,0,,,0.0,,,,,,,,,,,0,0.0,0.0,0.0,0,0.0,0.0,,0.0,0,,1,,,,,,0.0,,,,0.0,,,,0.0,0.0,0.0,,0.0,,,,,0.0,,0.0,,,,,,,,0.0,0,,,0.0,,,0.0,0,0.0,0.0,,,,,,0.0,,,0.0,0.0,0.0,,,,0.0,,,,,0,,,,,1,0,0.0,,,,0,0,,0.0,,2.0,,,,,,,,,0.0,0,0,,,,,,0.0,,
21,2020-01-21,392,0.0,,0.0,,,,,0.0,0,0,0.0,,0.0,,,0.0,0,,,,,,,0.0,,,,0.0,,0,,,,,,386,,,,,0.0,,,0,,0,,,0.0,0.0,0.0,,,,0.0,,,,0.0,0,,,,0.0,0,,,0.0,,,,,,,,,,,0,0.0,0.0,0.0,0,0.0,0.0,,0.0,0,,1,,,,,,0.0,,,,0.0,,,,0.0,0.0,0.0,,0.0,,,,,0.0,,0.0,,,,,,,,0.0,0,,,0.0,,,0.0,0,0.0,0.0,,,,,,0.0,,,0.0,0.0,0.0,,,,0.0,,,,,0,,,,,1,0,0.0,,,,0,0,,1.0,,2.0,,,,,,,,,0.0,0,1,,,,,,0.0,,
22,2020-01-22,534,0.0,,0.0,,,,,0.0,0,0,0.0,,0.0,,,0.0,0,,,,,,,0.0,,,,0.0,,0,,,,,,526,,,,,0.0,,,0,,0,,,0.0,0.0,0.0,,,,0.0,,,,0.0,0,,,,0.0,0,,,0.0,,,,,,,,,,,0,0.0,0.0,0.0,0,0.0,0.0,,0.0,0,,1,,,,,,0.0,,,,0.0,,,,0.0,0.0,0.0,,0.0,,,,,0.0,,0.0,,,,,,,,0.0,0,,,0.0,,,0.0,0,0.0,0.0,,,,,,0.0,,,0.0,0.0,0.0,,,,0.0,,,,,0,,,,,1,0,0.0,,,,0,0,,1.0,,4.0,,,,,,,,,0.0,0,1,,,,,,0.0,,
23,2020-01-23,631,0.0,,0.0,,,,,0.0,0,0,0.0,,0.0,,,0.0,0,,,,,,,0.0,,,,0.0,,0,,,,,,623,,,,,0.0,,,0,,0,,,0.0,0.0,0.0,,,,0.0,,,,0.0,0,,,,0.0,0,,,0.0,,,,,,,,,,,0,0.0,0.0,0.0,0,0.0,0.0,,0.0,0,,1,,,,,,0.0,,,,0.0,,,,0.0,0.0,0.0,,0.0,,,,,0.0,,0.0,,,,,,,,0.0,0,,,0.0,,,0.0,0,0.0,0.0,,,,,,0.0,,,0.0,0.0,0.0,,,,0.0,,,,,0,,,,,1,0,0.0,,,,0,0,,1.0,,4.0,,,,,,,,,0.0,0,1,,,,,,0.0,,
24,2020-01-24,897,0.0,,0.0,,,,,0.0,0,0,0.0,,0.0,,,0.0,0,,,,,,,0.0,,,,0.0,,0,,,,,,882,,,,,0.0,,,0,,0,,,0.0,0.0,0.0,,,,0.0,,,,0.0,0,,,,0.0,0,,,0.0,,,,,,,,,,,0,0.0,0.0,0.0,0,0.0,0.0,,0.0,0,,2,,,,,,0.0,,,,0.0,,,,0.0,0.0,0.0,,0.0,,,,,0.0,,0.0,,,,,,,,0.0,0,,,0.0,,,0.0,0,0.0,0.0,,,,,,0.0,,,0.0,0.0,0.0,,,,0.0,,,,,3,,,,,2,0,0.0,,,,0,0,,1.0,,4.0,,,,,,,,,0.0,0,1,,,,,,2.0,,
25,2020-01-25,1350,0.0,,0.0,,,,,0.0,1,0,0.0,,0.0,,,0.0,0,,,,,,,0.0,,,,0.0,,0,,,,,,1323,,,,,0.0,,,0,,0,,,0.0,0.0,0.0,,,,0.0,,,,0.0,3,,,,0.0,0,,,0.0,,,,,,,,,,,0,0.0,0.0,0.0,0,0.0,0.0,,0.0,0,,2,,,,,,0.0,,,,0.0,,,,0.0,0.0,0.0,,3.0,,,,,0.0,,0.0,,,,,,,,1.0,0,,,0.0,,,0.0,0,0.0,0.0,,,,,,0.0,,,0.0,0.0,0.0,,,,0.0,,,,,3,,,,,2,0,0.0,,,,0,0,,3.0,,5.0,,,,,,,,,0.0,0,2,,,,,,2.0,,
26,2020-01-26,2023,0.0,,0.0,,,,,0.0,4,0,0.0,,0.0,,,0.0,0,,,,,,,0.0,,,,0.0,,1,,,,,,1988,,,,,0.0,,,0,,0,,,0.0,0.0,0.0,,,,0.0,,,,0.0,3,,,,0.0,0,,,0.0,,,,,,,,,,,0,0.0,0.0,0.0,0,0.0,0.0,,0.0,0,,3,,,,,,0.0,,,,0.0,,,,0.0,0.0,0.0,,4.0,,,,,0.0,,0.0,,,,,,,,1.0,0,,,0.0,,,0.0,0,0.0,0.0,,,,,,0.0,,,0.0,0.0,0.0,,,,0.0,,,,,4,,,,,3,0,0.0,,,,0,0,,3.0,,5.0,,,,,,,,,0.0,0,2,,,,,,2.0,,
27,2020-01-27,2820,0.0,,0.0,,,,,0.0,4,0,0.0,,0.0,,,0.0,0,,,,,,,0.0,,,,0.0,,1,,,,,,2775,,,,,0.0,,,0,,0,,,0.0,0.0,0.0,,,,0.0,,,,0.0,3,,,,0.0,0,,,0.0,,,,,,,,,,,0,0.0,0.0,0.0,0,0.0,0.0,,0.0,0,,3,,,,,,0.0,,,,0.0,,,,0.0,0.0,0.0,,4.0,,,,,0.0,,0.0,,,,,,,,1.0,0,,,0.0,,,0.0,0,0.0,0.0,,,,,,0.0,,,0.0,0.0,0.0,,,,0.0,,,,,4,,,,,4,0,0.0,,,,0,0,,5.0,,8.0,,,,,,,,,1.0,0,5,,,,,,2.0,,
28,2020-01-28,4587,0.0,,0.0,,,,,0.0,4,0,0.0,,0.0,,,0.0,0,,,,,,,0.0,,,,1.0,,2,,,,,,4528,,,,,0.0,,,0,,0,,,0.0,0.0,0.0,,,,0.0,,,,0.0,3,,,,0.0,1,,,0.0,,,,,,,,,,,0,0.0,0.0,0.0,0,0.0,0.0,,0.0,0,,4,,,,,,0.0,,,,0.0,,,,0.0,0.0,0.0,,4.0,,,,,0.0,,0.0,,,,,,,,1.0,0,,,0.0,,,0.0,0,0.0,0.0,,,,,,0.0,,,0.0,0.0,0.0,,,,0.0,,,,,5,,,,,4,0,1.0,,,,0,0,,7.0,,14.0,,,,,,,,,1.0,0,5,,,,,,2.0,,
29,2020-01-29,6067,0.0,,0.0,,,,,0.0,4,0,0.0,,0.0,,,0.0,0,,,,,,,0.0,,,,1.0,,3,,,,,,5994,,,,,0.0,,,0,,0,,,0.0,0.0,0.0,,,,0.0,,,,0.0,4,,,,0.0,4,,,0.0,,,,,,,,,,,0,0.0,0.0,0.0,0,0.0,0.0,,0.0,0,,7,,,,,,0.0,,,,0.0,,,,0.0,0.0,0.0,,7.0,,,,,0.0,,0.0,,,,,,,,1.0,0,,,0.0,,,0.0,0,0.0,0.0,,,,,,0.0,,,0.0,0.0,0.0,,,,0.0,,,,,7,,,,,4,0,1.0,,,,0,0,,8.0,,14.0,,,,,,,,,1.0,0,5,,,,,,2.0,,
30,2020-01-30,7823,0.0,,0.0,,,,,0.0,6,0,0.0,,0.0,,,0.0,0,,,,,,,0.0,,,,1.0,,3,,,,,,7734,,,,,0.0,,,0,,0,,,0.0,0.0,0.0,,,,0.0,,,,1.0,5,,,,0.0,4,,,0.0,,,,,,,,,,,0,1.0,0.0,0.0,0,0.0,0.0,,0.0,0,,11,,,,,,0.0,,,,0.0,,,,0.0,0.0,0.0,,7.0,,,,,0.0,,0.0,,,,,,,,1.0,0,,,0.0,,,0.0,0,0.0,0.0,,,,,,1.0,,,0.0,0.0,0.0,,,,0.0,,,,,10,,,,,4,0,1.0,,,,0,0,,8.0,,14.0,,,,,,,,,4.0,0,5,,,,,,2.0,,
31,2020-01-31,9826,0.0,,0.0,,,,,0.0,7,0,0.0,,0.0,,,0.0,0,,,,,,,0.0,,,,1.0,,3,,,,,,9714,,,,,0.0,,,0,,0,,,0.0,0.0,0.0,,,,0.0,,,,1.0,6,,,,0.0,5,,,0.0,,,,,,,,,,,0,1.0,0.0,0.0,0,0.0,0.0,,0.0,3,,14,,,,,,0.0,,,,0.0,,,,0.0,0.0,0.0,,8.0,,,,,0.0,,0.0,,,,,,,,1.0,0,,,0.0,,,0.0,0,0.0,0.0,,,,,,1.0,,,0.0,0.0,0.0,,,,0.0,,,,,13,,,,,7,0,1.0,,,,0,0,,9.0,,14.0,,,,,,,,,4.0,2,6,,,,,,5.0,,
32,2020-02-01,11946,0.0,,0.0,,,,,0.0,9,0,0.0,,0.0,,,0.0,0,,,,,,,0.0,,,,1.0,,4,,,,,,11809,,,,,0.0,,,0,,0,,,0.0,0.0,0.0,,,,0.0,,,,1.0,6,,,,0.0,7,,,0.0,,,,,,,,,,,0,1.0,0.0,0.0,0,0.0,0.0,,0.0,3,,15,,,,,,0.0,,,,0.0,,,,0.0,0.0,0.0,,8.0,,,,,0.0,,0.0,,,,,,,,1.0,0,,,0.0,,,0.0,0,0.0,0.0,,,,,,1.0,,,0.0,0.0,2.0,,,,0.0,,,,,16,,,,,12,1,1.0,,,,1,0,,10.0,,19.0,,,,,,,,,4.0,2,7,,,,,,5.0,,
33,2020-02-02,14554,0.0,,0.0,,,,,0.0,11,0,0.0,,0.0,,,0.0,0,,,,,,,0.0,,,,1.0,,4,,,,,,14399,,,,,0.0,,,0,,0,,,0.0,0.0,0.0,,,,0.0,,,,1.0,6,,,,0.0,8,,,0.0,,,,,,,,,,,0,2.0,0.0,0.0,0,0.0,0.0,,0.0,3,,19,,,,,,0.0,,,,0.0,,,,0.0,0.0,0.0,,8.0,,,,,0.0,,0.0,,,,,,,,1.0,0,,,0.0,,,0.0,0,0.0,0.0,,,,,,2.0,,,0.0,0.0,2.0,,,,0.0,,,,,18,,,,,15,1,1.0,,,,1,0,,10.0,,19.0,,,,,,,,,5.0,2,8,,,,,,7.0,,
34,2020-02-03,17372,0.0,,0.0,,,,,0.0,11,0,0.0,,0.0,,,0.0,0,,,,,,,0.0,,,,1.0,,4,,,,,,17211,,,,,0.0,,,0,,0,,,0.0,0.0,0.0,,,,0.0,,,,1.0,6,,,,0.0,9,,,0.0,,,,,,,,,,,0,2.0,0.0,0.0,0,0.0,0.0,,0.0,3,,20,,,,,,0.0,,,,0.0,,,,0.0,0.0,0.0,,8.0,,,,,0.0,,0.0,,,,,,,,1.0,0,,,0.0,,,0.0,0,0.0,0.0,,,,,,2.0,,,0.0,0.0,2.0,,,,0.0,,,,,18,,,,,15,1,1.0,,,,1,0,,10.0,,19.0,,,,,,,,,5.0,2,11,,,,,,8.0,,
35,2020-02-04,20615,0.0,,0.0,,,,,0.0,11,0,0.0,,0.0,,,0.0,1,,,,,,,0.0,,,,1.0,,4,,,,,,20448,,,,,0.0,,,0,,0,,,0.0,0.0,0.0,,,,0.0,,,,1.0,6,,,,0.0,11,,,0.0,,,,,,,,,,,0,3.0,0.0,0.0,0,0.0,0.0,,0.0,3,,20,,,,,,0.0,,,,0.0,,,,0.0,0.0,0.0,,8.0,,,,,0.0,,0.0,,,,,,,,1.0,0,,,0.0,,,0.0,0,0.0,0.0,,,,,,2.0,,,0.0,0.0,2.0,,,,0.0,,,,,18,,,,,16,1,1.0,,,,1,0,,10.0,,19.0,,,,,,,,,5.0,2,11,,,,,,9.0,,
36,2020-02-05,24522,0.0,,0.0,,,,,0.0,12,0,0.0,,0.0,,,0.0,1,,,,,,,0.0,,,,1.0,,5,,,,,,24320,,,,,0.0,,,0,,0,,,0.0,0.0,0.0,,,,0.0,,,,1.0,6,,,,0.0,11,,,0.0,,,,,,,,,,,0,3.0,0.0,10.0,0,0.0,0.0,,0.0,3,,25,,,,,,0.0,,,,0.0,,,,0.0,0.0,0.0,,10.0,,,,,0.0,,0.0,,,,,,,,1.0,0,,,0.0,,,0.0,0,0.0,0.0,,,,,,2.0,,,0.0,0.0,2.0,,,,0.0,,,,,24,,,,,18,1,1.0,,,,1,0,,11.0,,25.0,,,,,,,,,5.0,2,11,,,,,,10.0,,
37,2020-02-06,28273,0.0,,0.0,,,,,0.0,13,0,0.0,,0.0,,,0.0,1,,,,,,,0.0,,,,1.0,,5,,,,,,28047,,,,,0.0,,,0,,0,,,0.0,0.0,0.0,,,,0.0,,,,1.0,6,,,,0.0,11,,,0.0,,,,,,,,,,,0,3.0,0.0,20.0,0,0.0,0.0,,0.0,3,,25,,,,,,0.0,,,,0.0,,,,0.0,0.0,0.0,,12.0,,,,,0.0,,0.0,,,,,,,,1.0,0,,,0.0,,,0.0,0,0.0,0.0,,,,,,3.0,,,0.0,0.0,2.0,,,,0.0,,,,,28,,,,,23,1,1.0,,,,1,0,,11.0,,25.0,,,,,,,,,5.0,2,12,,,,,,10.0,,
38,2020-02-07,31491,0.0,,0.0,,,,,0.0,14,0,0.0,,0.0,,,0.0,1,,,,,,,0.0,,,,1.0,,7,,,,,,31207,,,,,0.0,,,0,,0,,,0.0,0.0,0.0,,,,0.0,,,,1.0,6,,,,0.0,12,,,0.0,,,,,,,,,,,0,3.0,0.0,61.0,0,0.0,0.0,,0.0,3,,25,,,,,,0.0,,,,0.0,,,,0.0,0.0,0.0,,14.0,,,,,0.0,,0.0,,,,,,,,1.0,0,,,0.0,,,0.0,0,0.0,0.0,,,,,,3.0,,,0.0,0.0,2.0,,,,0.0,,,,,30,,,,,24,1,1.0,,,,1,0,,16.0,,25.0,,,,,,,,,5.0,3,12,,,,,,12.0,,
39,2020-02-08,34933,0.0,,0.0,,,,,0.0,14,0,0.0,,0.0,,,0.0,1,,,,,,,0.0,,,,1.0,,7,,,,,,34625,,,,,0.0,,,0,,0,,,0.0,0.0,0.0,,,,0.0,,,,1.0,11,,,,0.0,13,,,0.0,,,,,,,,,,,0,3.0,0.0,64.0,0,0.0,0.0,,0.0,3,,25,,,,,,0.0,,,,0.0,,,,0.0,0.0,0.0,,15.0,,,,,0.0,,0.0,,,,,,,,1.0,0,,,0.0,,,0.0,0,0.0,0.0,,,,,,3.0,,,0.0,0.0,2.0,,,,0.0,,,,,33,,,,,24,1,1.0,,,,1,0,,17.0,,32.0,,,,,,,,,7.0,3,12,,,,,,13.0,,
40,2020-02-09,37552,0.0,,0.0,,,,,0.0,14,0,0.0,,0.0,,,0.0,1,,,,,,,0.0,,,,1.0,,7,,,,,,37232,,,,,0.0,,,0,,0,,,0.0,0.0,0.0,,,,0.0,,,,1.0,11,,,,0.0,13,,,0.0,,,,,,,,,,,0,3.0,0.0,64.0,0,0.0,0.0,,0.0,3,,25,,,,,,0.0,,,,0.0,,,,0.0,0.0,0.0,,16.0,,,,,0.0,,0.0,,,,,,,,1.0,0,,,0.0,,,0.0,0,0.0,0.0,,,,,,3.0,,,0.0,0.0,2.0,,,,0.0,,,,,40,,,,,25,1,1.0,,,,1,0,,18.0,,32.0,,,,,,,,,7.0,4,12,,,,,,14.0,,
41,2020-02-10,40540,0.0,,0.0,,,,,0.0,14,0,0.0,,0.0,,,0.0,1,,,,,,,0.0,,,,1.0,,7,,,,,,40206,,,,,0.0,,,0,,0,,,0.0,0.0,0.0,,,,0.0,,,,1.0,11,,,,0.0,13,,,0.0,,,,,,,,,,,0,3.0,0.0,70.0,0,0.0,0.0,,0.0,3,,25,,,,,,0.0,,,,0.0,,,,0.0,0.0,0.0,,18.0,,,,,0.0,,0.0,,,,,,,,1.0,0,,,0.0,,,0.0,0,0.0,0.0,,,,,,3.0,,,0.0,0.0,2.0,,,,0.0,,,,,43,,,,,27,2,1.0,,,,1,0,,18.0,,32.0,,,,,,,,,7.0,4,12,,,,,,14.0,,
42,2020-02-11,43105,0.0,,0.0,,,,,0.0,14,0,0.0,,0.0,,,0.0,1,,,,,,,0.0,,,,1.0,,7,,,,,,42696,,,,,0.0,,,0,,0,,,0.0,0.0,0.0,,,,0.0,,,,1.0,11,,,,0.0,13,,,0.0,,,,,,,,,,,0,3.0,0.0,135.0,0,0.0,0.0,,0.0,3,,25,,,,,,0.0,,,,0.0,,,,0.0,0.0,0.0,,18.0,,,,,0.0,,0.0,,,,,,,,1.0,0,,,0.0,,,0.0,0,0.0,0.0,,,,,,3.0,,,0.0,0.0,2.0,,,,0.0,,,,,45,,,,,28,2,1.0,,,,1,0,,18.0,,32.0,,,,,,,,,8.0,8,13,,,,,,15.0,,
43,2020-02-12,45177,0.0,,0.0,,,,,0.0,14,0,0.0,,0.0,,,0.0,1,,,,,,,0.0,,,,1.0,,7,,,,,,44724,,,,,0.0,,,0,,0,,,0.0,0.0,0.0,,,,0.0,,,,1.0,11,,,,0.0,15,,,0.0,,,,,,,,,,,0,3.0,0.0,174.0,0,0.0,0.0,,0.0,3,,25,,,,,,0.0,,,,0.0,,,,0.0,0.0,0.0,,18.0,,,,,0.0,,0.0,,,,,,,,1.0,0,,,0.0,,,0.0,0,0.0,0.0,,,,,,3.0,,,0.0,0.0,2.0,,,,0.0,,,,,47,,,,,28,2,1.0,,,,1,0,,18.0,,33.0,,,,,,,,,8.0,8,13,,,,,,15.0,,
44,2020-02-13,60328,0.0,,0.0,,,,,0.0,14,0,0.0,,0.0,,,0.0,1,,,,,,,0.0,,,,1.0,,7,,,,,,59865,,,,,0.0,,,0,,0,,,0.0,0.0,0.0,,,,0.0,,,,1.0,11,,,,0.0,15,,,0.0,,,,,,,,,,,0,3.0,0.0,174.0,0,0.0,0.0,,0.0,3,,29,,,,,,0.0,,,,0.0,,,,0.0,0.0,0.0,,18.0,,,,,0.0,,0.0,,,,,,,,1.0,0,,,0.0,,,0.0,0,0.0,0.0,,,,,,3.0,,,0.0,0.0,2.0,,,,0.0,,,,,50,,,,,28,2,1.0,,,,1,0,,18.0,,33.0,,,,,,,,,8.0,9,14,,,,,,16.0,,
45,2020-02-14,64543,0.0,,0.0,,,,,0.0,15,0,0.0,,0.0,,,0.0,1,,,,,,,0.0,,,,1.0,,7,,,,,,64021,,,,,0.0,,,0,,0,,,0.0,0.0,0.0,,,,0.0,,,,1.0,11,,,,0.0,15,,,0.0,,,,,,,,,,,0,3.0,0.0,221.0,0,0.0,0.0,,0.0,3,,30,,,,,,0.0,,,,0.0,,,,0.0,0.0,0.0,,19.0,,,,,0.0,,0.0,,,,,,,,1.0,0,,,0.0,,,0.0,0,0.0,0.0,,,,,,3.0,,,0.0,0.0,2.0,,,,0.0,,,,,58,,,,,28,2,1.0,,,,1,0,,18.0,,33.0,,,,,,,,,8.0,9,15,,,,,,16.0,,
46,2020-02-15,67103,0.0,,0.0,,,,,0.0,15,0,0.0,,0.0,,,0.0,1,,,,,,,0.0,,,,1.0,,8,,,,,,66559,,,,,0.0,,,0,,0,,,0.0,0.0,1.0,,,,0.0,,,,1.0,11,,,,0.0,15,,,0.0,,,,,,,,,,,0,3.0,0.0,221.0,0,0.0,0.0,,0.0,3,,38,,,,,,0.0,,,,0.0,,,,0.0,0.0,0.0,,21.0,,,,,0.0,,0.0,,,,,,,,1.0,0,,,0.0,,,0.0,0,0.0,0.0,,,,,,3.0,,,0.0,0.0,2.0,,,,0.0,,,,,67,,,,,28,2,1.0,,,,1,0,,18.0,,34.0,,,,,,,,,8.0,9,15,,,,,,16.0,,
47,2020-02-16,69265,0.0,,0.0,,,,,0.0,15,0,0.0,,0.0,,,0.0,1,,,,,,,0.0,,,,1.0,,8,,,,,,68566,,,,,0.0,,,0,,0,,,0.0,0.0,1.0,,,,0.0,,,,1.0,11,,,,0.0,15,,,0.0,,,,,,,,,,,0,3.0,0.0,355.0,0,0.0,0.0,,0.0,3,,52,,,,,,0.0,,,,0.0,,,,0.0,0.0,0.0,,22.0,,,,,0.0,,0.0,,,,,,,,1.0,0,,,0.0,,,0.0,0,0.0,0.0,,,,,,3.0,,,0.0,0.0,2.0,,,,0.0,,,,,72,,,,,29,2,1.0,,,,1,0,,18.0,,34.0,,,,,,,,,8.0,9,15,,,,,,16.0,,
48,2020-02-17,71332,0.0,,0.0,,,,,0.0,15,0,0.0,,0.0,,,0.0,1,,,,,,,0.0,,,,1.0,,8,,,,,,70618,,,,,0.0,,,0,,0,,,0.0,0.0,1.0,,,,0.0,,,,1.0,12,,,,0.0,15,,,0.0,,,,,,,,,,,0,3.0,0.0,355.0,0,0.0,0.0,,0.0,3,,59,,,,,,0.0,,,,0.0,,,,0.0,0.0,0.0,,22.0,,,,,0.0,,0.0,,,,,,,,1.0,0,,,0.0,,,0.0,0,0.0,0.0,,,,,,3.0,,,0.0,0.0,2.0,,,,0.0,,,,,75,,,,,30,2,1.0,,,,1,0,,20.0,,34.0,,,,,,,,,9.0,9,15,,,,,,16.0,,
49,2020-02-18,73327,0.0,,0.0,,,,,0.0,15,0,0.0,,0.0,,,0.0,1,,,,,,,0.0,,,,1.0,,8,,,,,,72508,,,,,0.0,,,0,,0,,,0.0,0.0,1.0,,,,0.0,,,,1.0,12,,,,0.0,15,,,0.0,,,,,,,,,,,0,3.0,0.0,454.0,0,0.0,0.0,,0.0,3,,59,,,,,,0.0,,,,0.0,,,,0.0,0.0,0.0,,22.0,,,,,0.0,,0.0,,,,,,,,1.0,0,,,0.0,,,0.0,0,0.0,0.0,,,,,,3.0,,,0.0,0.0,2.0,,,,0.0,,,,,77,,,,,31,2,1.0,,,,1,0,,22.0,,35.0,,,,,,,,,9.0,9,15,,,,,,16.0,,
50,2020-02-19,75191,0.0,,0.0,,,,,0.0,15,0,0.0,,0.0,,,0.0,1,,,,,,,0.0,,,,1.0,,8,,,,,,74258,,,,,0.0,,,0,,0,,,0.0,0.0,1.0,,,,0.0,,,,1.0,12,,,,0.0,15,,,0.0,,,,,,,,,,,0,3.0,0.0,542.0,0,0.0,0.0,,0.0,3,,66,,,,,,0.0,,,,0.0,,,,0.0,0.0,0.0,,22.0,,,,,0.0,,0.0,,,,,,,,1.0,0,,,0.0,,,0.0,0,0.0,0.0,,,,,,3.0,,,0.0,0.0,2.0,,,,0.0,,,,,81,,,,,46,2,1.0,,,,1,0,,22.0,,35.0,,,,,,,,,9.0,9,15,,,,,,16.0,,
51,2020-02-20,75723,0.0,,0.0,,,,,0.0,15,0,0.0,,0.0,,,0.0,1,,,,,,,0.0,,,,1.0,,8,,,,,,74652,,,,,0.0,,,0,,0,,,0.0,0.0,1.0,,,,0.0,,,,1.0,12,,,,0.0,15,,,0.0,,,,,,,,,,,0,3.0,0.0,621.0,2,0.0,0.0,,0.0,3,,84,,,,,,0.0,,,,0.0,,,,0.0,0.0,0.0,,22.0,,,,,0.0,,0.0,,,,,,,,1.0,0,,,0.0,,,0.0,0,0.0,0.0,,,,,,3.0,,,0.0,0.0,2.0,,,,0.0,,,,,84,,,,,80,2,1.0,,,,1,0,,24.0,,35.0,,,,,,,,,9.0,9,15,,,,,,16.0,,
52,2020-02-21,76719,0.0,,0.0,,,,,0.0,17,0,0.0,,0.0,,,0.0,1,,,,,,,0.0,,,,1.0,,9,,,,,,75543,,,,,0.0,,,0,,0,,,0.0,0.0,1.0,,,,0.0,,,,1.0,12,,,,0.0,15,,,0.0,,,,,,,,,,,0,3.0,0.0,634.0,5,0.0,0.0,,0.0,3,,93,,,,,,0.0,,,,0.0,,,,0.0,0.0,0.0,,22.0,,,,,0.0,,0.0,,,,,,,,1.0,0,,,0.0,,,0.0,0,0.0,0.0,,,,,,3.0,,,0.0,0.0,2.0,,,,0.0,,,,,85,,,,,155,2,1.0,,,,1,0,,24.0,,35.0,,,,,,,,,9.0,9,16,,,,,,16.0,,
53,2020-02-22,77804,0.0,,0.0,,,,,0.0,21,0,0.0,,0.0,,,0.0,1,,,,,,,0.0,,,,1.0,,9,,,,,,76369,,,,,0.0,,,0,,0,,,0.0,0.0,1.0,,,,0.0,,,,1.0,12,,,,0.0,15,,,0.0,,,,,,,,,,,0,3.0,0.0,634.0,18,0.0,0.0,,1.0,17,,105,,,,,,0.0,,,,1.0,,,,0.0,0.0,0.0,,22.0,,,,,0.0,,0.0,,,,,,,,1.0,0,,,0.0,,,0.0,0,0.0,0.0,,,,,,3.0,,,0.0,0.0,2.0,,,,0.0,,,,,86,,,,,345,2,1.0,,,,1,0,,26.0,,35.0,,,,,,,,,11.0,9,35,,,,,,16.0,,
54,2020-02-23,78812,0.0,,0.0,,,,,0.0,22,0,0.0,,0.0,,,0.0,1,,,,,,,0.0,,,,1.0,,9,,,,,,77016,,,,,0.0,,,0,,0,,,0.0,0.0,1.0,,,,0.0,,,,1.0,12,,,,0.0,15,,,0.0,,,,,,,,,,,0,3.0,0.0,634.0,28,0.0,0.0,,1.0,79,,132,,,,,,0.0,,,,1.0,,,,0.0,0.0,0.0,,22.0,,,,,0.0,,0.0,,,,,,,,1.0,0,,,0.0,,,0.0,0,0.0,0.0,,,,,,3.0,,,0.0,0.0,2.0,,,,0.0,,,,,89,,,,,601,2,1.0,,,,1,0,,26.0,,35.0,,,,,,,,,13.0,9,35,,,,,,16.0,,
55,2020-02-24,79339,0.0,,0.0,,,,,0.0,22,0,0.0,,1.0,,,0.0,1,,,,,,,0.0,,,,1.0,,9,,,,,,77234,,,,,0.0,,,0,,0,,,0.0,0.0,1.0,,,,0.0,,,,1.0,12,,,,0.0,15,,,0.0,,,,,,,,,,,0,3.0,0.0,691.0,43,0.0,0.0,,2.0,132,,144,,,,,,3.0,,,,1.0,,,,0.0,0.0,0.0,,22.0,,,,,0.0,,0.0,,,,,,,,1.0,0,,,0.0,,,0.0,0,0.0,0.0,,,,,,3.0,,,0.0,0.0,2.0,,,,0.0,,,,,89,,,,,762,2,1.0,,,,1,0,,28.0,,35.0,,,,,,,,,13.0,13,35,,,,,,16.0,,
56,2020-02-25,80132,1.0,,0.0,,,,,0.0,22,0,0.0,,2.0,,,0.0,1,,,,,,,0.0,,,,1.0,,11,,,,,,77749,,,,,0.0,,,0,,0,,,0.0,0.0,1.0,,,,0.0,,,,1.0,12,,,,0.0,15,,,0.0,,,,,,,,,,,0,3.0,0.0,691.0,61,1.0,0.0,,2.0,229,,144,,,,,,5.0,,,,1.0,,,,0.0,0.0,0.0,,22.0,,,,,0.0,,0.0,,,,,,,,1.0,0,,,0.0,,,0.0,0,2.0,0.0,,,,,,3.0,,,0.0,0.0,2.0,,,,0.0,,,,,90,,,,,892,3,1.0,,,,1,0,,30.0,,37.0,,,,,,,,,13.0,13,53,,,,,,16.0,,
57,2020-02-26,80995,1.0,,1.0,,,,,0.0,22,2,0.0,,23.0,,,0.0,1,,,,,,,1.0,,,,1.0,,11,,,,,,78159,,,,,1.0,,,0,,0,,,0.0,0.0,1.0,,,,0.0,,,,1.0,14,,,,0.0,17,,,0.0,,,,,,,,,,,0,3.0,0.0,691.0,95,5.0,0.0,,2.0,322,,164,,,,,,11.0,,,,1.0,,,,0.0,0.0,0.0,,22.0,,,,,0.0,,0.0,,,,,,,,1.0,0,,,0.0,,,0.0,0,4.0,0.0,,,,,,3.0,,,0.0,0.0,2.0,,,,0.0,,,,,91,,,,,1146,7,1.0,,,,1,1,,31.0,,40.0,,,,,,,,,13.0,13,53,,,,,,16.0,,
58,2020-02-27,82101,1.0,,1.0,,,,,0.0,23,2,0.0,,33.0,,,0.0,1,,,,,,,1.0,,,,1.0,,12,,,,,,78598,,,,,2.0,,,0,,1,,,0.0,0.0,1.0,,,,0.0,,,,2.0,17,,,,1.0,21,,,1.0,,,,,,,,,,,0,3.0,0.0,705.0,139,5.0,0.0,,2.0,400,,186,,,,,,26.0,,,,2.0,,,,0.0,0.0,1.0,,22.0,,,,,0.0,,0.0,,,,,,,,1.0,0,,,0.0,,,0.0,1,4.0,2.0,,,,,,3.0,,,0.0,1.0,2.0,,,,0.0,,,,,93,,,,,1595,12,1.0,,,,2,1,,32.0,,40.0,,,,,,,,,13.0,13,59,,,,,,16.0,,
59,2020-02-28,83365,1.0,,1.0,,,,,0.0,23,5,0.0,,33.0,,,1.0,1,,,,,,,1.0,,,,1.0,,14,,,,,,78927,,,,,3.0,,,0,,1,,,0.0,0.0,1.0,,,,1.0,,,,2.0,38,,,,1.0,47,,,3.0,,,,,,,,,,,0,3.0,0.0,705.0,245,6.0,0.0,,3.0,650,,210,,,,,,43.0,,,,3.0,,,,1.0,0.0,1.0,,23.0,,,,,0.0,,0.0,,,,,,,,1.0,1,,,1.0,,,1.0,4,6.0,2.0,,,,,,3.0,,,0.0,1.0,2.0,,,,1.0,,,,,96,,,,,2022,25,1.0,,,,7,8,,34.0,,40.0,,,,,,,,,19.0,16,60,,,,,,16.0,,
60,2020-02-29,85203,1.0,,1.0,,,,,0.0,25,7,1.0,,38.0,,,1.0,1,,,,,,,1.0,,,,1.0,,16,,,,,,79355,,,,,5.0,,,0,,2,,,0.0,0.0,1.0,,,,1.0,,,,3.0,57,,,,2.0,57,,,4.0,,,,,,,,,,,1,3.0,0.0,705.0,388,7.0,0.0,,7.0,888,,230,,,,,,45.0,,,,3.0,,,,1.0,0.0,1.0,,25.0,,,,,2.0,,1.0,,,,,,,,1.0,2,,,1.0,,,1.0,6,6.0,2.0,,,,,,3.0,,,0.0,3.0,2.0,,,,1.0,,,,,98,,,,,2931,34,1.0,,,,12,12,,39.0,,42.0,,,,,,,,,19.0,18,66,,,,,,16.0,,
61,2020-03-01,87024,1.0,,1.0,,,,,1.0,26,10,1.0,,41.0,,,1.0,1,,,,,,,2.0,,,,1.0,,20,,,,,,79929,,,,,5.0,,,0,,3,,,0.0,1.0,1.0,,,,1.0,,,,3.0,100,,,,3.0,111,,,7.0,,,,,,,,,,,1,3.0,0.0,705.0,593,13.0,1.0,,7.0,1128,,239,,,,,,45.0,,,,4.0,,,,1.0,1.0,1.0,,25.0,,,,,4.0,,1.0,,,,,,,,1.0,7,,,1.0,,,1.0,15,6.0,4.0,,,,,,3.0,,,1.0,3.0,2.0,,,,1.0,,,,,102,,,,,3526,66,1.0,,,,13,18,,40.0,,42.0,,,,,,,,,21.0,23,69,,,,,,16.0,,
62,2020-03-02,89068,1.0,,3.0,,,,,1.0,29,14,3.0,,47.0,,,1.0,2,,,,,,,2.0,,,,1.0,,24,,,,,,80134,,,,,7.0,,,3,,4,,,1.0,6.0,2.0,,,,1.0,,,,6.0,130,,,,3.0,129,,,7.0,,,,,,,,,,,3,3.0,2.0,705.0,978,19.0,1.0,,10.0,1689,,254,,,,,,46.0,,,,10.0,,,,1.0,1.0,1.0,,29.0,,,,,5.0,,1.0,,,,,,,,1.0,13,,,1.0,,,1.0,19,6.0,4.0,,,,,,3.0,,,3.0,3.0,2.0,,,,8.0,,,,,106,,,,,4212,83,1.0,,,,14,24,,40.0,,43.0,,,,,,,,,21.0,36,89,,,,,,16.0,,
63,2020-03-03,90663,,,,1.0,,,,,33,18,,,,,,,8,,,,,,,,,,,,,27,,,,,,80261,,,,,8.0,,,5,,5,,,,7.0,,,,,,,,,,178,,,,,157,,,,,,,,,,,,,,6,5.0,,,1501,21.0,,,,1835,,254,,1.0,,,,56.0,,,1.0,13.0,,,,,,,,,,,,,,,,,,,1.0,,,,,18,,,,,,,25,7.0,,,,,,,,,2.0,,,3.0,,,,,1.0,1.0,,,108,,,,,4812,114,,,,,15,30,,41.0,,,,,,1.0,,,,,,40,103,,,,,,,,
64,2020-03-04,93076,,,5.0,,,,1.0,,41,24,,,49.0,,,4.0,13,,,,,,,,,,,,,30,,,,,1.0,80380,,,,,9.0,,,5,,8,,,,,,,,,2.0,,,,7.0,212,,,,,196,,,,,,,,,,,,,,16,6.0,,,2336,26.0,2.0,,,2502,,268,,,,,,,,,,,,,,,,,,36.0,,,,,,,,,,,,,,,,28,,,2.0,,,,33,,5.0,,,,,,,1.0,4.0,8.0,4.0,4.0,,,,10.0,,,,,110,,,,,5328,151,,,,,24,37,,42.0,,,,,,,,,,1.0,27.0,51,125,,,,,,,,
65,2020-03-05,95315,,,12.0,,,,,,52,29,,,52.0,,,6.0,23,,,,,,,3.0,,,,,,33,,,,,3.0,80497,,,,,,,,8,,10,,,,10.0,,,,,,,,,,285,,,,3.0,262,,,10.0,,,,,,,,,,2.0,26,28.0,,,2922,31.0,6.0,,15.0,3089,,317,,,,,,,,,,,,,1.0,,,,,50.0,,,,,,,,,,,,,,,,38,,,3.0,,,,56,15.0,,,,,,,,,5.0,,,,,,,15.0,,3.0,,,112,,1.0,,,5766,200,,,,,35,57,,,,47.0,,,,,,,,,,85,159,,,,,,,,
66,2020-03-06,98171,,,17.0,,,,2.0,,59,41,6.0,,52.0,,,,50,,,,1.0,,2.0,8.0,,,,,,45,,,,,4.0,80667,,,,,10.0,,,12,,20,,,,13.0,3.0,,,,5.0,,,,12.0,423,,,,9.0,400,,,32.0,,,,,,,,,,,35,29.0,,,3513,38.0,13.0,,17.0,3858,,349,,,,,,58.0,,,,16.0,,,,,,,,50.0,,,,,,,,,,,2.0,,,,,82,,,4.0,,,,86,16.0,,7.0,,,,,,,9.0,,6.0,,,,,22.0,5.0,4.0,,,117,,6.0,,1.0,6284,261,,,,,61,87,,44.0,,,,,,,,,,,29.0,115,233,,,,,,,,
67,2020-03-07,102132,,,,,,,8.0,,63,74,9.0,,56.0,,,,109,,,,,,,13.0,,,,,1.0,51,,,,,5.0,80768,1.0,,1.0,,11.0,,,19,,23,,,2.0,,15.0,,,,10.0,,,,19.0,613,,,,,684,,,45.0,,,,,,,,,,4.0,43,31.0,4.0,,4747,,18.0,,19.0,4636,,408,,,,,,,,,,22.0,,,,,3.0,3.0,,83.0,,,,,,,,,,,,,,,,128,,,5.0,,,,113,,6.0,16.0,,,,1.0,5.0,5.0,13.0,11.0,7.0,10.0,,,,23.0,,,1.0,,130,1.0,9.0,,,6767,374,,,,,137,209,,45.0,,50.0,,1.0,,,,,,,,163,338,,,,1.0,,17.0,,
68,2020-03-08,105823,4.0,,,,,,9.0,,74,99,,,63.0,,,,169,,,,,,,13.0,,2.0,,2.0,,57,,,,,,80814,,,,,12.0,,,26,,31,,,,,,,,,,,,,,716,,,,12.0,847,,,66.0,,,,,,,,,,7.0,53,34.0,,,5823,54.0,19.0,,25.0,5883,,455,,1.0,,,,61.0,,,2.0,,,,,,,,,93.0,2.0,3.0,,,,1.0,,,,,,,,,,188,,,,,,,147,,,19.0,,,1.0,,6.0,6.0,21.0,12.0,13.0,,,,,26.0,7.0,,,,138,3.0,12.0,,2.0,7134,430,,,,,161,264,,45.0,,,,,,,,,,,45.0,206,433,,,,,,21.0,,
69,2020-03-09,109694,,2.0,20.0,,,,12.0,,80,102,,,79.0,3.0,,,200,,,,,,,25.0,,4.0,,,2.0,62,,,,,10.0,80859,,,5.0,,,,,32,,38,,,,14.0,49.0,,,,,,,,30.0,1126,,,,13.0,902,,,73.0,,,,,,,,,,8.0,55,,6.0,,6566,61.0,21.0,,39.0,7375,,488,,,,,,64.0,,,3.0,32.0,,,,,5.0,,,99.0,4.0,,,,7.0,,,,,,,,,,,265,,,,,,,169,,,,,,,7.0,10.0,11.0,30.0,15.0,15.0,,,,,37.0,11.0,,,,150,5.0,16.0,,3.0,7382,589,,,,,203,332,,45.0,,,,,,,,,,,,273,554,,,,,,30.0,,
70,2020-03-10,114231,,6.0,,,,,,,100,131,,,109.0,,,,239,,,,,,,,1.0,,,,,77,,,,,13.0,80879,3.0,,9.0,,,,2.0,40,,113,,,5.0,15.0,55.0,,,,,,,,40.0,1412,,,,15.0,1139,,,84.0,,,,,,,,,,9.0,65,44.0,,696.0,7161,,,,,9172,,514,,,,,,65.0,,,6.0,41.0,,,,,,,,117.0,,4.0,,,,,,1.0,,,,,,,,321,,,,,,2.0,192,18.0,16.0,20.0,1.0,,,9.0,33.0,17.0,39.0,18.0,17.0,10.0,,,,49.0,15.0,,,,160,,,,7.0,7513,1204,,,,,248,374,,,,,,,,2.0,,,,,59.0,321,754,,,,,,31.0,,
71,2020-03-11,118609,7.0,10.0,,,,,19.0,,112,182,11.0,,110.0,,,9.0,267,,,,,,,34.0,,,2.0,,,93,,,,,17.0,80908,,,13.0,,13.0,,,63,1.0,264,,,,17.0,59.0,,,,13.0,,,,,1784,,,,23.0,1296,,,90.0,,,,,,,,,,12.0,70,50.0,19.0,,8042,61.0,35.0,,70.0,10149,,568,,,,,,69.0,,,8.0,41.0,,,,3.0,7.0,7.0,,129.0,6.0,,,,,3.0,,,,,,,,,,382,,,,,,,277,18.0,16.0,29.0,7.0,,5.0,11.0,33.0,22.0,41.0,24.0,25.0,,,,,62.0,20.0,,5.0,,166,7.0,31.0,,,7755,1639,,,,,326,490,,48.0,,59.0,,,,5.0,,,,,74.0,373,1025,,,,,,35.0,,
72,2020-03-12,125496,,11.0,20.0,,,,,4.0,126,246,13.0,,162.0,,,12.0,314,,,,,2.0,3.0,52.0,11.0,7.0,2.0,3.0,,103,,,,,23.0,80932,9.0,,22.0,1.0,16.0,3.0,6.0,94,,516,,,,,60.0,,,,16.0,,,,59.0,2281,,,,24.0,1567,,,99.0,,,,,,,,,2.0,13.0,85,73.0,34.0,,9000,70.0,43.0,,82.0,12462,2.0,619,,,,,,72.0,,,10.0,61.0,,,3.0,3.0,7.0,,,149.0,8.0,6.0,,,11.0,4.0,,,,,5.0,,,,,503,,,,,,,489,,20.0,30.0,14.0,,,17.0,49.0,31.0,59.0,262.0,45.0,25.0,,,,66.0,45.0,,18.0,,178,10.0,57.0,,13.0,7869,2140,2.0,,,,462,642,,48.0,,70.0,,,,7.0,1.0,,,,,456,1312,,,,,,39.0,,
73,2020-03-13,133848,,23.0,24.0,,,,31.0,6.0,156,361,13.0,,162.0,,,21.0,399,,,,1.0,3.0,3.0,77.0,25.0,23.0,,5.0,,138,,,,,33.0,80954,,,23.0,,25.0,,,116,,676,,,,,80.0,,,,27.0,,,,155.0,2876,,1.0,,25.0,2369,2.0,,133.0,,,,,,,1.0,,,16.0,117,75.0,,,10075,74.0,70.0,,96.0,15113,6.0,675,,,,,,80.0,,,16.0,66.0,,,4.0,,26.0,9.0,,158.0,,9.0,,,16.0,6.0,,,,,6.0,,,,,614,,,,,,,621,,21.0,,27.0,,6.0,22.0,52.0,49.0,78.0,,64.0,30.0,,,1.0,67.0,62.0,6.0,24.0,,187,21.0,96.0,,17.0,7979,3004,3.0,,,,620,854,,49.0,,,,,1.0,13.0,2.0,,,3.0,85.0,590,1663,,,,,,44.0,,
74,2020-03-14,143223,,33.0,26.0,2.0,,,34.0,13.0,197,504,,,210.0,,,,559,,,,,10.0,,98.0,37.0,31.0,,,,176,,,,,43.0,80973,16.0,,26.0,,31.0,4.0,14.0,150,2.0,804,,,11.0,23.0,93.0,,,,79.0,1.0,,,,3661,,,,30.0,3062,,,190.0,,,,,,1.0,,,3.0,25.0,117,83.0,69.0,,11364,85.0,91.0,,116.0,17660,8.0,737,,,,1.0,,100.0,,,19.0,,,,4.0,6.0,38.0,13.0,,197.0,9.0,12.0,,,26.0,8.0,,,,,7.0,,,,,804,,,6.0,,,,621,20.0,21.0,35.0,36.0,,7.0,38.0,64.0,68.0,112.0,320.0,89.0,45.0,,,,73.0,86.0,19.0,41.0,,200,30.0,141.0,,24.0,8086,4231,6.0,1.0,,,775,1121,,53.0,,82.0,,,2.0,16.0,,,,,,707,2174,,,,,,49.0,,
75,2020-03-15,151363,10.0,38.0,37.0,,,1.0,45.0,20.0,249,655,19.0,,211.0,3.0,,,689,,,,1.0,10.0,,121.0,40.0,41.0,3.0,7.0,3.0,244,,,,,61.0,80995,34.0,,27.0,4.0,37.0,4.0,21.0,214,2.0,827,,,11.0,28.0,93.0,,1.0,,115.0,1.0,,,210.0,4499,,1.0,,30.0,3795,2.0,,228.0,,,,1.0,,1.0,,,,31.0,138,90.0,96.0,,12729,85.0,129.0,,178.0,17750,,780,,1.0,6.0,1.0,,104.0,,,26.0,93.0,,,4.0,9.0,,,,238.0,9.0,18.0,1.0,,41.0,20.0,3.0,1.0,,,18.0,,,2.0,1.0,959,,,8.0,,,2.0,907,20.0,30.0,38.0,43.0,,,43.0,111.0,104.0,169.0,337.0,113.0,59.0,1.0,2.0,,92.0,86.0,21.0,46.0,2.0,214,44.0,181.0,,24.0,8162,5753,11.0,1.0,1.0,1.0,924,1359,,59.0,,82.0,,1.0,2.0,16.0,,,,,85.0,1140,2951,,6.0,,,10.0,53.0,,
76,2020-03-16,167414,16.0,42.0,48.0,5.0,,,56.0,30.0,298,860,19.0,1.0,214.0,,,27.0,886,,,,,,18.0,200.0,50.0,51.0,3.0,12.0,4.0,304,,,1.0,,75.0,81020,45.0,1.0,35.0,4.0,48.0,,30.0,298,2.0,875,,,11.0,37.0,110.0,,1.0,,171.0,4.0,,,267.0,5423,,1.0,,30.0,4838,2.0,,331.0,,,,1.0,,,4.0,,6.0,39.0,178,93.0,117.0,,13938,124.0,169.0,,250.0,23980,10.0,814,,15.0,9.0,3.0,2.0,112.0,,,31.0,99.0,,,7.0,14.0,77.0,13.0,,428.0,13.0,21.0,1.0,,53.0,23.0,7.0,,,,28.0,,,2.0,,1135,,,,,,2.0,1077,22.0,31.0,38.0,43.0,,8.0,71.0,140.0,125.0,245.0,401.0,139.0,63.0,5.0,2.0,,98.0,118.0,26.0,55.0,3.0,226,61.0,219.0,,51.0,8236,7753,19.0,1.0,,1.0,1032,2200,,59.0,,114.0,,1.0,4.0,18.0,18.0,,,3.0,86.0,1391,3774,,8.0,6.0,1.0,15.0,57.0,,
77,2020-03-17,180159,21.0,51.0,60.0,14.0,,,65.0,52.0,375,1016,19.0,1.0,221.0,5.0,,36.0,1085,,1.0,,1.0,11.0,21.0,234.0,54.0,62.0,20.0,24.0,4.0,424,,,1.0,,156.0,81130,57.0,1.0,41.0,5.0,56.0,,40.0,344,3.0,932,,,11.0,58.0,126.0,,1.0,,205.0,5.0,,,272.0,6633,,1.0,,33.0,6012,6.0,,352.0,,,,6.0,,1.0,4.0,,8.0,50.0,199,125.0,134.0,,14991,124.0,223.0,,260.0,27980,10.0,824,,16.0,11.0,3.0,2.0,123.0,,,36.0,120.0,1.0,,7.0,17.0,81.0,19.0,,553.0,13.0,30.0,1.0,,82.0,29.0,9.0,,,,37.0,,0.0,2.0,1.0,1413,,,,,,2.0,1169,24.0,187.0,39.0,69.0,,9.0,86.0,142.0,177.0,331.0,439.0,184.0,93.0,5.0,2.0,,102.0,133.0,27.0,57.0,4.0,243,84.0,253.0,1.0,62.0,8320,9191,29.0,1.0,,1.0,1121,2200,,67.0,1.0,177.0,,1.0,5.0,20.0,47.0,,,5.0,98.0,1543,4661,,29.0,8.0,1.0,33.0,61.0,,
78,2020-03-18,194909,22.0,55.0,60.0,14.0,,,79.0,78.0,454,1332,28.0,,237.0,8.0,1.0,36.0,1243,,1.0,,1.0,12.0,21.0,291.0,56.0,81.0,20.0,24.0,10.0,569,,,1.0,,201.0,81163,65.0,1.0,50.0,5.0,69.0,7.0,40.0,434,3.0,1024,,,11.0,111.0,166.0,,1.0,,225.0,5.0,,,319.0,7730,,1.0,1.0,34.0,7156,6.0,,387.0,,,,6.0,,1.0,4.0,,9.0,50.0,247,137.0,172.0,,16169,154.0,292.0,,427.0,31506,13.0,829,,35.0,33.0,4.0,19.0,130.0,,,61.0,120.0,2.0,,7.0,25.0,140.0,31.0,,673.0,13.0,38.0,1.0,,93.0,30.0,9.0,4.0,2.0,,44.0,,,2.0,1.0,1705,,,20.0,,,3.0,1308,24.0,187.0,41.0,86.0,,11.0,117.0,187.0,238.0,448.0,442.0,217.0,114.0,7.0,2.0,,104.0,133.0,31.0,72.0,4.0,266,97.0,275.0,1.0,85.0,8413,11178,42.0,1.0,,1.0,1167,2650,,77.0,1.0,177.0,,1.0,7.0,24.0,98.0,,,14.0,113.0,1950,6427,,50.0,16.0,1.0,33.0,61.0,,
79,2020-03-19,213254,22.0,59.0,73.0,53.0,,,97.0,115.0,565,1646,34.0,,256.0,10.0,1.0,46.0,1486,,1.0,,1.0,12.0,36.0,428.0,68.0,92.0,26.0,24.0,10.0,690,,,1.0,,238.0,81238,102.0,3.0,69.0,6.0,81.0,11.0,58.0,522,14.0,1115,1.0,,21.0,168.0,196.0,1.0,3.0,,258.0,6.0,,,369.0,9134,3.0,3.0,1.0,34.0,8198,7.0,,418.0,,,3.0,8.0,,1.0,5.0,,12.0,73.0,250,165.0,172.0,,17361,164.0,366.0,,433.0,35713,15.0,873,,52.0,37.0,7.0,19.0,142.0,3.0,,71.0,133.0,2.0,,25.0,33.0,210.0,42.0,,790.0,13.0,48.0,1.0,,118.0,36.0,9.0,5.0,8.0,,54.0,,,2.0,1.0,2051,,,28.0,1.0,,8.0,1423,39.0,302.0,44.0,109.0,,11.0,145.0,202.0,287.0,642.0,452.0,260.0,147.0,11.0,2.0,,109.0,171.0,36.0,94.0,6.0,313,107.0,286.0,1.0,116.0,8565,13716,42.0,2.0,,1.0,1301,3010,,108.0,3.0,177.0,,1.0,9.0,29.0,191.0,,,19.0,113.0,2630,9415,,79.0,23.0,1.0,33.0,76.0,2.0,
80,2020-03-20,242473,22.0,70.0,82.0,75.0,,,128.0,122.0,709,2196,44.0,3.0,269.0,10.0,2.0,57.0,1795,,2.0,2.0,1.0,15.0,44.0,621.0,73.0,105.0,33.0,24.0,14.0,846,,1.0,1.0,1.0,342.0,81337,128.0,3.0,87.0,9.0,104.0,16.0,58.0,694,14.0,1151,1.0,,21.0,199.0,210.0,1.0,4.0,,267.0,7.0,72.0,1.0,400.0,10995,3.0,3.0,1.0,40.0,14138,11.0,10.0,464.0,2.0,,12.0,9.0,1.0,1.0,5.0,2.0,24.0,85.0,330,191.0,227.0,,18407,177.0,557.0,,677.0,41035,16.0,950,5.0,56.0,49.0,7.0,21.0,148.0,6.0,,86.0,149.0,2.0,,25.0,48.0,345.0,48.0,,900.0,13.0,53.0,2.0,3.0,164.0,49.0,11.0,5.0,13.0,,63.0,,,2.0,1.0,2460,9.0,,39.0,1.0,,8.0,1552,39.0,478.0,47.0,137.0,,13.0,234.0,230.0,355.0,785.0,460.0,277.0,199.0,11.0,2.0,,126.0,238.0,36.0,126.0,6.0,345,123.0,319.0,1.0,150.0,8652,17147,53.0,2.0,,1.0,1423,3888,,108.0,3.0,212.0,,1.0,9.0,39.0,359.0,,,26.0,140.0,3277,14250,,94.0,23.0,1.0,33.0,85.0,2.0,
81,2020-03-21,271228,24.0,70.0,94.0,75.0,,1.0,158.0,136.0,874,2649,44.0,4.0,285.0,17.0,6.0,57.0,2257,,2.0,2.0,2.0,19.0,44.0,904.0,78.0,127.0,40.0,47.0,27.0,971,2.0,3.0,1.0,1.0,434.0,81416,158.0,3.0,113.0,14.0,126.0,21.0,67.0,904,14.0,1255,1.0,,34.0,426.0,256.0,3.0,4.0,,283.0,9.0,80.0,1.0,450.0,12612,15.0,3.0,1.0,43.0,18187,16.0,10.0,495.0,2.0,,14.0,13.0,1.0,2.0,5.0,2.0,24.0,85.0,409,231.0,309.0,,19644,193.0,683.0,1.0,712.0,47021,19.0,1007,12.0,69.0,53.0,7.0,24.0,159.0,6.0,,111.0,163.0,2.0,,34.0,69.0,484.0,70.0,3.0,1030.0,13.0,64.0,2.0,12.0,203.0,66.0,12.0,6.0,14.0,1.0,86.0,,,3.0,1.0,2994,13.0,2.0,53.0,1.0,1.0,12.0,1742,48.0,495.0,48.0,200.0,1.0,18.0,263.0,230.0,425.0,1020.0,470.0,308.0,253.0,17.0,2.0,,151.0,274.0,47.0,135.0,7.0,385,137.0,341.0,1.0,205.0,8799,19980,66.0,2.0,1.0,1.0,1623,4840,,135.0,3.0,366.0,,9.0,9.0,54.0,670.0,,,26.0,140.0,3983,19624,,110.0,33.0,1.0,36.0,87.0,2.0,1.0
82,2020-03-22,305275,24.0,76.0,94.0,88.0,2.0,1.0,225.0,160.0,1098,3024,53.0,4.0,306.0,24.0,14.0,76.0,2815,,2.0,2.0,2.0,20.0,92.0,1128.0,83.0,163.0,64.0,51.0,27.0,1231,3.0,3.0,3.0,2.0,537.0,81499,210.0,4.0,117.0,17.0,206.0,25.0,84.0,995,23.0,1326,1.0,,112.0,532.0,285.0,3.0,6.0,1.0,306.0,9.0,92.0,2.0,521.0,14459,17.0,3.0,1.0,49.0,21463,21.0,10.0,530.0,2.0,,15.0,17.0,1.0,2.0,5.0,2.0,26.0,131.0,473,320.0,450.0,,20610,214.0,785.0,2.0,883.0,53578,19.0,1046,12.0,84.0,56.0,7.0,24.0,176.0,14.0,,124.0,230.0,3.0,,36.0,105.0,670.0,85.0,3.0,1183.0,13.0,73.0,2.0,14.0,251.0,80.0,18.0,10.0,14.0,1.0,96.0,,,3.0,1.0,3631,13.0,4.0,66.0,1.0,1.0,22.0,1926,52.0,646.0,52.0,245.0,1.0,22.0,318.0,380.0,536.0,1280.0,481.0,367.0,306.0,17.0,2.0,,151.0,392.0,56.0,149.0,7.0,432,178.0,383.0,1.0,240.0,8897,24926,78.0,2.0,5.0,1.0,1746,6077,,153.0,6.0,599.0,1.0,15.0,49.0,60.0,947.0,,1.0,41.0,153.0,5018,26747,,135.0,33.0,1.0,36.0,94.0,2.0,2.0
83,2020-03-23,338303,34.0,89.0,102.0,113.0,2.0,1.0,266.0,190.0,1709,3631,65.0,4.0,334.0,27.0,17.0,76.0,3401,,2.0,6.0,2.0,27.0,125.0,1546.0,88.0,185.0,64.0,86.0,27.0,1430,3.0,3.0,4.0,2.0,632.0,81649,235.0,4.0,134.0,25.0,235.0,35.0,95.0,1165,26.0,1395,1.0,1.0,202.0,789.0,294.0,3.0,6.0,1.0,326.0,11.0,115.0,3.0,626.0,16018,18.0,6.0,1.0,54.0,24774,24.0,15.0,624.0,2.0,1.0,27.0,19.0,17.0,2.0,5.0,2.0,27.0,167.0,568,439.0,514.0,,21638,233.0,906.0,2.0,1071.0,59138,19.0,1089,15.0,99.0,60.0,15.0,31.0,188.0,14.0,,139.0,248.0,3.0,,46.0,143.0,798.0,114.0,3.0,1306.0,13.0,90.0,2.0,28.0,316.0,94.0,23.0,10.0,21.0,1.0,115.0,1.0,,3.0,1.0,4204,13.0,5.0,102.0,2.0,1.0,30.0,2132,55.0,784.0,59.0,313.0,1.0,22.0,363.0,380.0,634.0,1600.0,494.0,433.0,438.0,19.0,2.0,,151.0,511.0,67.0,188.0,7.0,455,185.0,414.0,1.0,274.0,8961,28572,87.0,2.0,5.0,4.0,1906,6971,1.0,165.0,12.0,721.0,1.0,15.0,50.0,75.0,1236.0,,1.0,47.0,153.0,5683,35206,,158.0,46.0,1.0,36.0,118.0,3.0,2.0
84,2020-03-24,378040,40.0,100.0,189.0,133.0,2.0,1.0,301.0,194.0,1823,4486,72.0,4.0,339.0,33.0,17.0,81.0,3743,1.0,5.0,6.0,2.0,28.0,129.0,1891.0,91.0,201.0,75.0,87.0,56.0,1646,3.0,3.0,4.0,2.0,746.0,81748,235.0,4.0,158.0,25.0,306.0,40.0,116.0,1236,26.0,1460,3.0,1.0,245.0,981.0,327.0,5.0,9.0,1.0,352.0,11.0,118.0,4.0,700.0,19856,23.0,6.0,2.0,61.0,29212,27.0,15.0,695.0,4.0,1.0,29.0,20.0,20.0,2.0,5.0,5.0,30.0,187.0,588,492.0,579.0,,23049,266.0,1125.0,13.0,1442.0,63927,19.0,1128,18.0,112.0,62.0,16.0,61.0,189.0,16.0,,180.0,267.0,3.0,,46.0,179.0,875.0,136.0,17.0,1518.0,13.0,107.0,2.0,36.0,367.0,109.0,23.0,10.0,27.0,1.0,134.0,1.0,2.0,3.0,2.0,4749,17.0,7.0,142.0,2.0,2.0,40.0,2371,66.0,887.0,59.0,345.0,1.0,27.0,395.0,462.0,749.0,2060.0,501.0,576.0,438.0,36.0,2.0,,187.0,562.0,79.0,222.0,7.0,509,191.0,442.0,1.0,402.0,9037,33089,97.0,2.0,6.0,4.0,2016,8015,1.0,195.0,12.0,827.0,1.0,18.0,51.0,89.0,1529.0,,9.0,73.0,198.0,6650,46442,17.0,162.0,49.0,1.0,84.0,123.0,3.0,2.0
85,2020-03-25,416916,42.0,123.0,231.0,164.0,2.0,3.0,387.0,265.0,2423,5282,87.0,4.0,390.0,39.0,18.0,81.0,4269,1.0,5.0,6.0,2.0,32.0,162.0,2201.0,104.0,220.0,99.0,91.0,72.0,1959,3.0,3.0,4.0,3.0,922.0,81847,235.0,4.0,177.0,73.0,382.0,48.0,124.0,1394,45.0,1591,3.0,2.0,312.0,1082.0,366.0,9.0,9.0,1.0,369.0,11.0,122.0,5.0,792.0,22302,25.0,6.0,3.0,70.0,31554,53.0,15.0,743.0,4.0,1.0,32.0,21.0,23.0,4.0,5.0,7.0,36.0,226.0,648,562.0,686.0,,24811,316.0,1329.0,23.0,1930.0,69176,21.0,1193,18.0,127.0,79.0,25.0,63.0,191.0,42.0,2.0,197.0,304.0,3.0,1.0,47.0,209.0,1099.0,148.0,19.0,1624.0,13.0,120.0,2.0,42.0,405.0,125.0,27.0,10.0,47.0,1.0,170.0,1.0,3.0,3.0,3.0,5560,22.0,9.0,189.0,2.0,7.0,44.0,2566,84.0,991.0,60.0,443.0,1.0,37.0,416.0,552.0,901.0,2362.0,526.0,762.0,495.0,40.0,2.0,1.0,187.0,767.0,86.0,249.0,7.0,558,204.0,480.0,1.0,557.0,9137,39673,102.0,3.0,8.0,4.0,2272,8789,1.0,216.0,12.0,934.0,1.0,18.0,57.0,114.0,1872.0,1.0,9.0,84.0,248.0,8077,55231,17.0,189.0,55.0,1.0,91.0,134.0,3.0,2.0
